{
  "$schema": "https://schema.management.azure.com/schemas/2015-01-01/deploymentTemplate.json#",
  "contentVersion": "1.0.0.0",
  "apiProfile": "2018-03-01-hybrid",
  "parameters": {
    "adminUsername": {
      "type": "string",
      "metadata": {
        "description": "The name of the Administrator of the new VMs"
      },
      "defaultValue": "vmadmin"
    },
    "adminPassword": {
      "type": "securestring",
      "metadata": {
        "description": "The password for the Administrator account of the new VMs. Default value is subscription id"
      },
      "defaultValue": "[concat('Subscription#',substring(resourcegroup().id,15,36))]"
    },
    "numberOfInstances": {
      "type": "int",
      "defaultValue": 2,
      "allowedValues": [
        2,
        3,
        4,
        5
      ],
      "metadata": {
        "description": "Number of VMs to deploy, limit 5 since this sample is using a single storage account"
      }
    },
    "vmNamePrefix": {
      "type": "string",
      "defaultValue": "pocusedc-",
      "metadata": {
        "description": "VM name prefix"
      }
    },
      "ipPrefix": {
        "type": "string",
        "defaultValue": "10.1.0.",
        "metadata": {
          "description": "Start of IP Address"
        }
    },
    "osImagePublisher": {
      "type": "string",
      "defaultValue": "MicrosoftWindowsServer",
      "metadata": {
        "description": "Maps to the publisher in the Azure Stack Platform Image Repository manifest file."
      }
    },
    "osImageOffer": {
      "type": "string",
      "defaultValue": "WindowsServer",
      "metadata": {
        "description": "Maps to the Offer in the Azure Stack Platform Image Repository manifest file."
      }
    },
    "osImageSKU": {
      "type": "string",
      "defaultValue": "2016-Datacenter",
      "allowedValues": [
        "2012-R2-Datacenter",
        "2016-Datacenter"
      ],
      "metadata": {
        "description": "The Windows version for the VM. This will pick a fully patched image of this given Windows version. Allowed values: 2008-R2-SP1, 2012-Datacenter, 2012-R2-Datacenter."
      }
    },
    "subnetid": {
      "type": "string"
    },
    "saName": {
      "type": "string"
    },
    "saKey": {
      "type": "string"
    }
  },
  "variables": {
    "storageAccountType": "Standard_LRS",
    "VMSize": "Standard_A1",
    "dnsPrefix": "[tolower(concat('vmdns', resourceGroup().name))]",
    "windowsImageVersion": "latest",
    "dataDiskSize": 2,

    "addressPrefix": "10.0.0.0/16",
    "virtualNetworkName": "[tolower(concat('vNet-',resourceGroup().name))]",
    "vnetID": "[resourceId('Microsoft.Network/virtualNetworks', variables('virtualNetworkName'))]",

    "NICPrefix": "vnic-",
    "storageName": "[concat('sa', uniquestring(resourceGroup().id))]",

    "publicLBName": "[tolower(concat('external-lb-', resourceGroup().name))]",
    "publiclbID": "[resourceId('Microsoft.Network/loadBalancers',variables('publicLBName'))]",
    "lbFE": "[tolower(concat('external-lb-fe-',resourceGroup().name))]",
    "publiclbFEConfigID": "[concat(variables('publiclbID'),'/frontendIPConfigurations/',variables('lbFE'))]",

    "publicIPAddressName": "[tolower(concat('public-ip',resourceGroup().name))]",
    "rdpPort": 3389,
    "vmContainerName": "vhds"
  },
  "resources": [
    {
      "type": "Microsoft.Network/networkInterfaces",
      "name": "[concat(variables('NICPrefix'), parameters('vmNamePrefix'), copyIndex())]",
      "location": "[resourceGroup().location]",
      "copy": {
        "name": "nicLoop",
        "count": "[parameters('numberOfInstances')]"
      },
      "dependsOn": [
      ],
      "properties": {
        "ipConfigurations": [
          {
            "name": "ipconfig1",
            "properties": {
              "privateIPAllocationMethod": "Static",
              "PrivateIpAddress": "[concat(parameters('ipPrefix'), copyindex(4))]",
              "subnet": {
                "id": "[parameters('subnetid')]"
              }
            }
          }
        ]
      }
    },
    {
      "type": "Microsoft.Compute/virtualMachines",
      "name": "[concat(parameters('vmNamePrefix'), copyIndex())]",
      "location": "[resourceGroup().location]",
      "copy": {
        "name": "virtualMachineLoop",
        "count": "[parameters('numberOfInstances')]"
      },
      "dependsOn": [
        "[resourceId('Microsoft.Network/networkInterfaces', concat(variables('NICPrefix'), parameters('vmNamePrefix'), copyIndex()))]"
      ],
      "properties": {
       "hardwareProfile": {
          "vmSize": "[variables('vmSize')]"
        },
        "osProfile": {
          "computerName": "[concat(parameters('vmNamePrefix'), copyIndex())]",
          "adminUsername": "[parameters('adminUsername')]",
          "adminPassword": "[parameters('adminPassword')]"
        },
        "storageProfile": {
          "imageReference": {
            "publisher": "[parameters('osImagePublisher')]",
            "offer": "[parameters('osImageOffer')]",
            "sku": "[parameters('osImageSKU')]",
            "version": "[variables('windowsImageVersion')]"
          },
          "osDisk": {
            "createOption": "FromImage"
          },
          "dataDisks": [
            {
              "diskSizeGB": 1023,
              "lun": 0,
              "createOption": "Empty"
            }
          ]
        },
        "networkProfile": {
          "networkInterfaces": [
            {
              "id": "[resourceId('Microsoft.Network/networkInterfaces', concat(variables('NICPrefix'), parameters('vmNamePrefix'), copyIndex()))]"
            }
          ]
        }
      }
    },
    {
      "type": "Microsoft.Compute/virtualMachines/extensions",
      "apiVersion": "2017-12-01",
      "name": "[concat(parameters('vmNamePrefix'), copyIndex(), '/Microsoft.Insights.VMDiagnosticsSettings')]",
      "location": "[resourceGroup().location]",
      "copy": {
        "name": "extensioncount",
        "count": "[parameters('numberOfInstances')]"
      },
      "dependsOn": [
        "[resourceId('Microsoft.Compute/virtualMachines', concat(parameters('vmNamePrefix'), copyIndex()))]"
      ],
      "properties": {
        "publisher": "Microsoft.Azure.Diagnostics",
        "type": "IaaSDiagnostics",
        "typeHandlerVersion": "1.5",
        "autoUpgradeMinorVersion": true,
        "protectedSettings": {
          "storageAccountName": "[parameters('saName')]",
          "storageAccountKey": "[parameters('saKey')]",
          "storageAccountEndPoint": "https://core.windows.net"
        },
        "settings": {
          "StorageAccount": "[parameters('saName')]",
          "WadCfg": {
            "DiagnosticMonitorConfiguration": {
              "overallQuotaInMB": 5120,
              "Metrics": {
                "resourceId": "[resourceId('Microsoft.Compute/virtualMachines', concat(parameters('vmNamePrefix'), copyIndex()))]",
                "MetricAggregation": [
                  {
                    "scheduledTransferPeriod": "PT1H"
                  },
                  {
                    "scheduledTransferPeriod": "PT1M"
                  }
                ]
              },
              "DiagnosticInfrastructureLogs": {
                "scheduledTransferLogLevelFilter": "Error"
              },
              "PerformanceCounters": {
                "scheduledTransferPeriod": "PT1M",
                "PerformanceCounterConfiguration": [
                  {
                    "counterSpecifier": "\\Processor Information(_Total)\\% Processor Time",
                    "unit": "Percent",
                    "sampleRate": "PT60S"
                  },
                  {
                    "counterSpecifier": "\\Processor Information(_Total)\\% Privileged Time",
                    "unit": "Percent",
                    "sampleRate": "PT60S"
                  },
                  {
                    "counterSpecifier": "\\Processor Information(_Total)\\% User Time",
                    "unit": "Percent",
                    "sampleRate": "PT60S"
                  },
                  {
                    "counterSpecifier": "\\Processor Information(_Total)\\Processor Frequency",
                    "unit": "Count",
                    "sampleRate": "PT60S"
                  },
                  {
                    "counterSpecifier": "\\System\\Processes",
                    "unit": "Count",
                    "sampleRate": "PT60S"
                  },
                  {
                    "counterSpecifier": "\\Process(_Total)\\Thread Count",
                    "unit": "Count",
                    "sampleRate": "PT60S"
                  },
                  {
                    "counterSpecifier": "\\Process(_Total)\\Handle Count",
                    "unit": "Count",
                    "sampleRate": "PT60S"
                  },
                  {
                    "counterSpecifier": "\\System\\System Up Time",
                    "unit": "Count",
                    "sampleRate": "PT60S"
                  },
                  {
                    "counterSpecifier": "\\System\\Context Switches/sec",
                    "unit": "CountPerSecond",
                    "sampleRate": "PT60S"
                  },
                  {
                    "counterSpecifier": "\\System\\Processor Queue Length",
                    "unit": "Count",
                    "sampleRate": "PT60S"
                  },
                  {
                    "counterSpecifier": "\\Memory\\% Committed Bytes In Use",
                    "unit": "Percent",
                    "sampleRate": "PT60S"
                  },
                  {
                    "counterSpecifier": "\\Memory\\Available Bytes",
                    "unit": "Bytes",
                    "sampleRate": "PT60S"
                  },
                  {
                    "counterSpecifier": "\\Memory\\Committed Bytes",
                    "unit": "Bytes",
                    "sampleRate": "PT60S"
                  },
                  {
                    "counterSpecifier": "\\Memory\\Cache Bytes",
                    "unit": "Bytes",
                    "sampleRate": "PT60S"
                  },
                  {
                    "counterSpecifier": "\\Memory\\Pool Paged Bytes",
                    "unit": "Bytes",
                    "sampleRate": "PT60S"
                  },
                  {
                    "counterSpecifier": "\\Memory\\Pool Nonpaged Bytes",
                    "unit": "Bytes",
                    "sampleRate": "PT60S"
                  },
                  {
                    "counterSpecifier": "\\Memory\\Pages/sec",
                    "unit": "CountPerSecond",
                    "sampleRate": "PT60S"
                  },
                  {
                    "counterSpecifier": "\\Memory\\Page Faults/sec",
                    "unit": "CountPerSecond",
                    "sampleRate": "PT60S"
                  },
                  {
                    "counterSpecifier": "\\Process(_Total)\\Working Set",
                    "unit": "Count",
                    "sampleRate": "PT60S"
                  },
                  {
                    "counterSpecifier": "\\Process(_Total)\\Working Set - Private",
                    "unit": "Count",
                    "sampleRate": "PT60S"
                  },
                  {
                    "counterSpecifier": "\\LogicalDisk(_Total)\\% Disk Time",
                    "unit": "Percent",
                    "sampleRate": "PT60S"
                  },
                  {
                    "counterSpecifier": "\\LogicalDisk(_Total)\\% Disk Read Time",
                    "unit": "Percent",
                    "sampleRate": "PT60S"
                  },
                  {
                    "counterSpecifier": "\\LogicalDisk(_Total)\\% Disk Write Time",
                    "unit": "Percent",
                    "sampleRate": "PT60S"
                  },
                  {
                    "counterSpecifier": "\\LogicalDisk(_Total)\\% Idle Time",
                    "unit": "Percent",
                    "sampleRate": "PT60S"
                  },
                  {
                    "counterSpecifier": "\\LogicalDisk(_Total)\\Disk Bytes/sec",
                    "unit": "BytesPerSecond",
                    "sampleRate": "PT60S"
                  },
                  {
                    "counterSpecifier": "\\LogicalDisk(_Total)\\Disk Read Bytes/sec",
                    "unit": "BytesPerSecond",
                    "sampleRate": "PT60S"
                  },
                  {
                    "counterSpecifier": "\\LogicalDisk(_Total)\\Disk Write Bytes/sec",
                    "unit": "BytesPerSecond",
                    "sampleRate": "PT60S"
                  },
                  {
                    "counterSpecifier": "\\LogicalDisk(_Total)\\Disk Transfers/sec",
                    "unit": "BytesPerSecond",
                    "sampleRate": "PT60S"
                  },
                  {
                    "counterSpecifier": "\\LogicalDisk(_Total)\\Disk Reads/sec",
                    "unit": "BytesPerSecond",
                    "sampleRate": "PT60S"
                  },
                  {
                    "counterSpecifier": "\\LogicalDisk(_Total)\\Disk Writes/sec",
                    "unit": "BytesPerSecond",
                    "sampleRate": "PT60S"
                  },
                  {
                    "counterSpecifier": "\\LogicalDisk(_Total)\\Avg. Disk sec/Transfer",
                    "unit": "Count",
                    "sampleRate": "PT60S"
                  },
                  {
                    "counterSpecifier": "\\LogicalDisk(_Total)\\Avg. Disk sec/Read",
                    "unit": "Count",
                    "sampleRate": "PT60S"
                  },
                  {
                    "counterSpecifier": "\\LogicalDisk(_Total)\\Avg. Disk sec/Write",
                    "unit": "Count",
                    "sampleRate": "PT60S"
                  },
                  {
                    "counterSpecifier": "\\LogicalDisk(_Total)\\Avg. Disk Queue Length",
                    "unit": "Count",
                    "sampleRate": "PT60S"
                  },
                  {
                    "counterSpecifier": "\\LogicalDisk(_Total)\\Avg. Disk Read Queue Length",
                    "unit": "Count",
                    "sampleRate": "PT60S"
                  },
                  {
                    "counterSpecifier": "\\LogicalDisk(_Total)\\Avg. Disk Write Queue Length",
                    "unit": "Count",
                    "sampleRate": "PT60S"
                  },
                  {
                    "counterSpecifier": "\\LogicalDisk(_Total)\\% Free Space",
                    "unit": "Percent",
                    "sampleRate": "PT60S"
                  },
                  {
                    "counterSpecifier": "\\LogicalDisk(_Total)\\Free Megabytes",
                    "unit": "Count",
                    "sampleRate": "PT60S"
                  },
                  {
                    "counterSpecifier": "\\Network Interface(*)\\Bytes Total/sec",
                    "unit": "BytesPerSecond",
                    "sampleRate": "PT60S"
                  },
                  {
                    "counterSpecifier": "\\Network Interface(*)\\Bytes Sent/sec",
                    "unit": "BytesPerSecond",
                    "sampleRate": "PT60S"
                  },
                  {
                    "counterSpecifier": "\\Network Interface(*)\\Bytes Received/sec",
                    "unit": "BytesPerSecond",
                    "sampleRate": "PT60S"
                  },
                  {
                    "counterSpecifier": "\\Network Interface(*)\\Packets/sec",
                    "unit": "BytesPerSecond",
                    "sampleRate": "PT60S"
                  },
                  {
                    "counterSpecifier": "\\Network Interface(*)\\Packets Sent/sec",
                    "unit": "BytesPerSecond",
                    "sampleRate": "PT60S"
                  },
                  {
                    "counterSpecifier": "\\Network Interface(*)\\Packets Received/sec",
                    "unit": "BytesPerSecond",
                    "sampleRate": "PT60S"
                  },
                  {
                    "counterSpecifier": "\\Network Interface(*)\\Packets Outbound Errors",
                    "unit": "Count",
                    "sampleRate": "PT60S"
                  },
                  {
                    "counterSpecifier": "\\Network Interface(*)\\Packets Received Errors",
                    "unit": "Count",
                    "sampleRate": "PT60S"
                  }
                ]
              },
              "WindowsEventLog": {
                "scheduledTransferPeriod": "PT1M",
                "DataSource": [
                  {
                    "name": "Application!*[System[(Level = 1 or Level = 2 or Level = 3)]]"
                  },
                  {
                    "name": "Security!*[System[band(Keywords,4503599627370496)]]"
                  },
                  {
                    "name": "System!*[System[(Level = 1 or Level = 2 or Level = 3)]]"
                  }
                ]
              }
            }
          }
        }
      }
    }
  ],

        "outputs": {

        }
      }