{
  "$schema": "https://schema.management.azure.com/schemas/2015-01-01/deploymentParameters.json#",
  "contentVersion": "1.0.0.0",
  "parameters": {
    "adminUsername": {
      "value": "bwatts"
    },
    "adminPassword": {
      "value": "Alabama01!!"
    },
    "ipPrefix": {
      "value": "10.1.0."
    },
    "numberOfInstances": {
      "value": 2
    },
    "vmNamePrefix": {
      "value": "pocusedc-"
    },
    "osImagePublisher": {
      "value": "MicrosoftWindowsServer"
    },
    "osImageOffer": {
      "value": "WindowsServer"
    },
    "osImageSKU": {
      "value": "2016-Datacenter"
    },
    "subnetid": {
      "value": "na"
    },
    "saName": {
      "value": "na"
    },
    "saKey": {
      "value": "na"
    }
  }
}